{
  "train_csv": "data/train.csv",
  "n_features": 20,
  "hidden_dim": 64,
  "epochs": 40,
  "best_val_loss": 0.4146334433939805,
  "preprocessing": {
    "outcome_column": "Outcome",
    "feature_names": [
      "Size",
      "Bet",
      "Time",
      "Price",
      "Entry",
      "Avg",
      "Market Trades",
      "Market Volume",
      "Volume Conc.",
      "Market PnL",
      "Total Trades",
      "Unique Markets",
      "Trade Conc.",
      "Open Positions",
      "O.P. Value",
      "Tot.PnL",
      "Tot.Vol",
      "Wallet Age",
      "WC/TX Delta",
      "WC/TX %"
    ],
    "means": [
      3819.89794921875,
      0.6200322508811951,
      119755.046875,
      0.6000062823295593,
      0.588363766670227,
      0.5928661227226257,
      3.394199848175049,
      8676.68359375,
      0.3409557640552521,
      -395.8329772949219,
      9.879788398742676,
      4.1854634284973145,
      0.46956661343574524,
      2.305406332015991,
      9002.0625,
      -135.3489990234375,
      41691.82421875,
      251315.5625,
      114858.6875,
      0.6071228981018066
    ],
    "stds": [
      8857.869140625,
      0.4853784441947937,
      67350.8671875,
      0.25152087211608887,
      0.25452539324760437,
      0.24855934083461761,
      4.136240005493164,
      22227.3671875,
      0.2662290334701538,
      7796.2890625,
      7.138504505157471,
      3.431673049926758,
      0.3620055019855499,
      2.2484819889068604,
      25200.69140625,
      14486.5439453125,
      77943.3359375,
      254125.15625,
      250148.90625,
      0.4033389091491699
    ],
    "median_fill_values": [
      2000.0,
      1.0,
      122400.0,
      0.68,
      0.67,
      0.66,
      2.0,
      3500.0,
      0.2507,
      -14.0,
      8.0,
      3.0,
      0.333,
      2.0,
      2900.0,
      -13.0,
      17300.0,
      180000.0,
      4320.0,
      0.80655
    ]
  }
}